{"_step":8,"test_recall":0.9423,"grad_norm_layer0":0.6166087523049916,"val_accuracy":0.9401666666666667,"train_loss":0.23233352673225963,"train_accuracy":0.9406851851851852,"test_accuracy":0.9423,"epoch":8,"test_precision":0.9424486433702203,"_runtime":12,"val_loss":0.23433671272760406,"_timestamp":1.772818907492511e+09,"_wandb":{"runtime":12},"test_f1":0.9421176184081358,"val_f1":0.9400266677724526}