{"val_accuracy":0.11166666666666666,"test_accuracy":0.1135,"_wandb":{"runtime":35},"_runtime":35,"_timestamp":1.7728192318080006e+09,"grad_norm_layer0":0.0001124616961094937,"train_accuracy":0.1115,"val_loss":2.3015460355704147,"test_f1":0.023138302649304,"val_f1":0.022433783108445775,"test_precision":0.01288225,"_step":8,"test_recall":0.1135,"train_loss":2.3026204716926553,"epoch":8}