{"_wandb":{"runtime":40},"test_precision":0.01288225,"val_f1":0.024510295434198748,"_runtime":40,"val_loss":2.301493974117666,"train_loss":2.3017036297412825,"test_f1":0.023138302649304,"_step":8,"val_accuracy":0.117,"epoch":8,"grad_norm_layer0":0.005894440741157036,"_timestamp":1.7728171282080655e+09,"train_accuracy":0.11185185185185186,"test_accuracy":0.1135,"test_recall":0.1135}