{"val_accuracy":0.8841666666666667,"val_loss":0.41625050573237315,"val_f1":0.884065689563906,"test_precision":0.8804299707031547,"train_accuracy":0.8699444444444444,"_wandb":{"runtime":10},"test_f1":0.8801723984631248,"test_accuracy":0.8807,"test_recall":0.8807,"epoch":8,"_runtime":10,"_step":8,"_timestamp":1.7728164832479932e+09,"grad_norm_layer0":2.953233052372456,"train_loss":0.444815282900944}