{"test_accuracy":0.2398,"test_f1":0.19621656050978675,"train_accuracy":0.2317962962962963,"test_recall":0.2398,"grad_norm_layer0":0.40770815691548673,"_wandb":{"runtime":56},"train_loss":2.245978501773494,"test_precision":0.4236090608373224,"val_f1":0.20011774855427086,"_runtime":56,"val_loss":2.2407550470901776,"val_accuracy":0.2475,"_timestamp":1.772818215275682e+09,"_step":8,"epoch":8}