{"_wandb":{"runtime":5},"train_accuracy":0.9719629629629629,"train_loss":0.08901031389409694,"epoch":8,"grad_norm_layer0":1.1149446056923853,"test_accuracy":0.9647,"_timestamp":1.7728155716462302e+09,"_runtime":5,"_step":8,"val_accuracy":0.9595,"test_recall":0.9647,"test_precision":0.9648201402438357,"test_f1":0.9646800096483797,"val_f1":0.9596200263116698,"val_loss":0.1286249624666572}