{"val_f1":0.954986681736323,"_step":8,"_timestamp":1.7728177342999659e+09,"train_accuracy":0.9628888888888889,"grad_norm_layer0":2.1988529419299687,"_wandb":{"runtime":12},"_runtime":12,"test_accuracy":0.9609,"val_loss":0.14941805782942075,"epoch":8,"train_loss":0.12710905381433127,"test_f1":0.9608603753733999,"val_accuracy":0.955,"test_recall":0.9609,"test_precision":0.9610830164925314}