{"test_recall":0.1135,"test_accuracy":0.1135,"test_precision":0.01288225,"_step":8,"val_accuracy":0.11183333333333334,"val_f1":0.02249742667266277,"_timestamp":1.7728176661134253e+09,"train_loss":2.3024128413875755,"_runtime":23,"_wandb":{"runtime":23},"test_f1":0.023138302649304,"train_accuracy":0.11242592592592593,"grad_norm_layer0":0.03138279287899369,"epoch":8,"val_loss":2.3023969439504843}