{"test_accuracy":0.7097,"train_loss":1.40977959407937,"test_recall":0.7097,"val_loss":1.3709949526411913,"_timestamp":1.7728171901695979e+09,"grad_norm_layer0":1.726204226346224,"test_precision":0.7246891735597727,"test_f1":0.7041888128812795,"val_f1":0.6988606043088248,"_wandb":{"runtime":12},"_runtime":12,"train_accuracy":0.6933148148148148,"epoch":8,"_step":8,"val_accuracy":0.7036666666666667}