{"test_accuracy":0.1135,"test_recall":0.1135,"_wandb":{"runtime":317},"_step":15,"val_f1":0.021990544799639803,"test_f1":0.023138302649304,"epoch":15,"val_loss":2.3018109898193986,"_runtime":317,"test_precision":0.01288225,"train_loss":2.301194198621986,"val_accuracy":0.1105,"_timestamp":1.7728079006730685e+09,"grad_norm_layer0":1.3554265077109057e-05,"train_accuracy":0.11257407407407408}