{"test_recall":0.9073,"val_accuracy":0.895,"train_loss":0.3741879987695936,"_timestamp":1.772818142290664e+09,"val_f1":0.8947639374223489,"epoch":8,"val_loss":0.37693044944223086,"_step":8,"_runtime":98,"_wandb":{"runtime":98},"train_accuracy":0.9000185185185186,"test_accuracy":0.9073,"grad_norm_layer0":2.894156840837061,"test_f1":0.9068589877451816,"test_precision":0.9069902643031402}