{"val_f1":0.9633634607276563,"test_accuracy":0.9649,"test_recall":0.9649,"_step":8,"test_f1":0.9649261146438901,"train_accuracy":0.9713888888888889,"test_precision":0.9650252978443404,"val_loss":0.12670509994862486,"_timestamp":1.7728175773061092e+09,"_runtime":14,"_wandb":{"runtime":14},"epoch":8,"val_accuracy":0.9633333333333334,"train_loss":0.09736234966131553,"grad_norm_layer0":0.5720171101513223}