{"val_f1":0.9567773608355813,"train_accuracy":0.9624814814814815,"test_accuracy":0.9608,"test_f1":0.9607331438874953,"grad_norm_layer0":0.21937120613856495,"test_recall":0.9608,"train_loss":0.12823452737040508,"test_precision":0.9608742705749642,"_wandb":{"runtime":14},"val_accuracy":0.9568333333333333,"_timestamp":1.772815323190152e+09,"_step":8,"epoch":8,"_runtime":14,"val_loss":0.15002245316719207}