{"test_f1":0.023138302649304,"val_f1":0.022433783108445775,"epoch":8,"train_loss":2.301141208927674,"test_accuracy":0.1135,"grad_norm_layer0":0.002959597952402112,"_wandb":{"runtime":29},"test_recall":0.1135,"test_precision":0.01288225,"_step":8,"train_accuracy":0.11244444444444444,"_runtime":29,"val_loss":2.301934830214987,"_timestamp":1.7728192757882545e+09,"val_accuracy":0.11166666666666666}