{"test_precision":0.01288225,"val_loss":2.301235975408061,"epoch":8,"test_accuracy":0.1135,"val_f1":0.021613789995493467,"train_loss":2.3011908145869957,"test_f1":0.023138302649304,"train_accuracy":0.11268518518518518,"val_accuracy":0.1095,"_runtime":11,"grad_norm_layer0":0.0021566534489147224,"_wandb":{"runtime":11},"_timestamp":1.7728152971789567e+09,"_step":8,"test_recall":0.1135}