{"train_accuracy":0.11087037037037037,"train_loss":2.3020662209824163,"_runtime":57,"grad_norm_layer0":3.840630607277447e-08,"test_recall":0.1135,"_timestamp":1.772815396517675e+09,"val_f1":0.024510295434198748,"val_loss":2.302154017589795,"epoch":8,"_wandb":{"runtime":57},"test_accuracy":0.1135,"_step":8,"test_f1":0.023138302649304,"test_precision":0.01288225,"val_accuracy":0.117}