{"val_accuracy":0.11366666666666667,"test_accuracy":0.1135,"_runtime":36,"test_precision":0.01288225,"test_recall":0.1135,"train_accuracy":0.11222222222222222,"epoch":8,"_wandb":{"runtime":36},"_step":8,"train_loss":2.3011890086375693,"test_f1":0.023138302649304,"val_loss":2.30057500222328,"_timestamp":1.772817839940591e+09,"grad_norm_layer0":0.0013970018180742762,"val_f1":0.023202833482989127}