{"val_accuracy":0.09533333333333334,"epoch":8,"_runtime":40,"val_loss":2.3045579843948882,"test_f1":0.023138302649304,"grad_norm_layer0":0.0001609958241925349,"train_accuracy":0.1063888888888889,"test_recall":0.1135,"_timestamp":1.772817264598681e+09,"val_f1":0.016594846824913773,"test_precision":0.01288225,"test_accuracy":0.1135,"_wandb":{"runtime":40},"_step":8,"train_loss":2.30732043092065}