{"test_recall":0.1028,"_runtime":106,"val_loss":2.3311828121375058,"val_accuracy":0.10716666666666666,"_wandb":{"runtime":106},"val_f1":0.020746098650208235,"test_f1":0.019165469713456652,"test_precision":0.01056784,"epoch":8,"train_loss":2.3154458849302926,"grad_norm_layer0":0.22399552000000117,"test_accuracy":0.1028,"_timestamp":1.7728186015821016e+09,"_step":8,"train_accuracy":0.10042592592592593}