{"grad_norm_layer0":7.535041651194444e-21,"test_accuracy":0.1135,"_wandb":{"runtime":10},"epoch":8,"val_accuracy":0.10083333333333333,"_timestamp":1.7728177895557125e+09,"test_precision":0.01288225,"test_f1":0.023138302649304,"_runtime":10,"_step":8,"val_loss":3.4466990259555508,"train_accuracy":0.09925925925925926,"val_f1":0.018472117083017915,"test_recall":0.1135,"train_loss":3.7172169066317067}