{"val_f1":0.023267444760337173,"test_precision":0.01288225,"grad_norm_layer0":0.0004743310592395632,"test_accuracy":0.1135,"_runtime":83,"val_accuracy":0.11383333333333333,"_timestamp":1.7728159853085473e+09,"val_loss":2.301304128440748,"train_loss":2.301180263418852,"train_accuracy":0.11220370370370371,"_step":8,"_wandb":{"runtime":83},"test_recall":0.1135,"test_f1":0.023138302649304,"epoch":8}