{"_runtime":23,"_wandb":{"runtime":23},"train_loss":2.303418236677018,"train_accuracy":0.1083888888888889,"test_accuracy":0.1135,"_step":8,"grad_norm_layer0":0.0011120971416332256,"test_precision":0.01288225,"val_accuracy":0.11633333333333333,"val_f1":0.024246242659500348,"test_f1":0.023138302649304,"_timestamp":1.7728176317020876e+09,"val_loss":2.3017245328114697,"epoch":8,"test_recall":0.1135}