{"val_loss":1.4631171484596828,"val_accuracy":0.42633333333333334,"_step":10,"_runtime":33,"train_accuracy":0.42185185185185187,"test_recall":0.4455,"epoch":10,"_wandb":{"runtime":33},"test_f1":0.3565293986923586,"_timestamp":1.7728081260640168e+09,"test_accuracy":0.4455,"grad_norm_layer0":0.5049902541094988,"val_f1":0.34023074294562783,"test_precision":0.33191300131737506,"train_loss":1.5148671467101895}