{"_runtime":6,"val_f1":0.9243134706847834,"val_accuracy":0.9243333333333333,"_wandb":{"runtime":6},"test_precision":0.9291054762124393,"epoch":8,"val_loss":0.2624347484278249,"_step":8,"grad_norm_layer0":0.7233056957167883,"test_recall":0.929,"train_loss":0.26148514360178104,"test_accuracy":0.929,"test_f1":0.9288987415110304,"train_accuracy":0.9263518518518519,"_timestamp":1.7728186208467233e+09}