{"val_loss":0.1860791426553886,"_runtime":5,"_wandb":{"runtime":5},"_step":8,"train_loss":0.17895207200056754,"test_precision":0.9455586354227206,"test_f1":0.9452925316103495,"epoch":8,"val_accuracy":0.9458333333333333,"_timestamp":1.7728171673306923e+09,"test_accuracy":0.9454,"val_f1":0.9457643018466997,"test_recall":0.9454,"train_accuracy":0.9468888888888889,"grad_norm_layer0":0.1761964128836479}