{"_timestamp":1.772819390693605e+09,"test_accuracy":0.9715,"_wandb":{"runtime":14},"val_f1":0.9725026500203127,"epoch":8,"grad_norm_layer0":0.6969880931729827,"test_precision":0.971724892112742,"val_loss":0.10184181461920824,"test_recall":0.9715,"_runtime":14,"train_loss":0.07305332729325975,"test_f1":0.9714832154843717,"val_accuracy":0.9725,"_step":8,"train_accuracy":0.9780185185185185}