{"test_precision":0.01288225,"_step":8,"val_f1":0.01665038795070744,"train_loss":2.3059700662173555,"val_loss":2.306994680617937,"train_accuracy":0.10507407407407407,"_timestamp":1.772818333318712e+09,"_runtime":22,"test_f1":0.023138302649304,"grad_norm_layer0":2.4861579662780637e-05,"val_accuracy":0.0955,"test_accuracy":0.1135,"test_recall":0.1135,"epoch":8,"_wandb":{"runtime":22}}