{"val_f1":0.01588052040453321,"train_accuracy":0.10857407407407407,"grad_norm_layer0":1.0793113135010875e-18,"train_loss":2.302862392315802,"_timestamp":1.772815868625583e+09,"_step":8,"test_precision":0.01288225,"test_recall":0.1135,"test_accuracy":0.1135,"_runtime":14,"val_loss":2.303917585122001,"val_accuracy":0.09316666666666666,"test_f1":0.023138302649304,"epoch":8,"_wandb":{"runtime":14}}