{"val_accuracy":0.9356666666666666,"grad_norm_layer0":1.2294040569750848,"_runtime":5,"train_loss":0.2201753598701705,"test_precision":0.9361086117026424,"test_recall":0.9361,"epoch":8,"val_f1":0.9354651943910343,"_step":8,"test_accuracy":0.9361,"_timestamp":1.772817595721757e+09,"train_accuracy":0.9363518518518519,"_wandb":{"runtime":5},"test_f1":0.9359101563037983,"val_loss":0.21729612037529716}