{"grad_norm_layer0":0.19423374363198975,"_timestamp":1.7728187159447699e+09,"_runtime":9,"train_accuracy":0.6299074074074074,"test_recall":0.6526,"train_loss":1.1039842529787351,"test_precision":0.6324280507314823,"test_f1":0.6164961264957024,"test_accuracy":0.6526,"val_f1":0.5957774290729501,"epoch":8,"_step":8,"_wandb":{"runtime":9},"val_accuracy":0.6341666666666667,"val_loss":1.1008410134887079}