{"_runtime":18,"train_accuracy":0.9689629629629629,"test_accuracy":0.9669,"test_precision":0.9671264506496434,"train_loss":0.1006257485115179,"grad_norm_layer0":0.39921449919757634,"test_recall":0.9669,"_wandb":{"runtime":18},"val_f1":0.968677013790727,"test_f1":0.9668575794364959,"epoch":8,"val_loss":0.1006743809387488,"_step":8,"_timestamp":1.7728189350814946e+09,"val_accuracy":0.9686666666666667}