{"val_accuracy":0.9645,"val_f1":0.9645837398291789,"grad_norm_layer0":0.10030901008508626,"test_precision":0.9629038816246519,"_wandb":{"runtime":49},"_timestamp":1.7728179040014653e+09,"test_f1":0.9626397356878211,"val_loss":0.19057376957137553,"_step":8,"train_loss":0.13562218940500245,"test_accuracy":0.9626,"test_recall":0.9626,"epoch":8,"train_accuracy":0.9668888888888889,"_runtime":49}