{"test_accuracy":0.9632,"test_recall":0.9632,"_runtime":6,"_timestamp":1.7728190196625597e+09,"val_loss":0.12451299754692663,"_step":8,"val_accuracy":0.9626666666666667,"train_accuracy":0.9644814814814815,"val_f1":0.962618864042313,"train_loss":0.11726487141684756,"test_f1":0.9631512850337551,"grad_norm_layer0":0.5089686903331229,"epoch":8,"test_precision":0.9633994747130502,"_wandb":{"runtime":6}}