{"val_accuracy":0.888,"train_loss":0.48353232089797926,"test_precision":0.8807656666942146,"epoch":8,"test_accuracy":0.8813,"_step":8,"test_f1":0.8806855505824138,"test_recall":0.8813,"_runtime":25,"val_loss":0.4435457299255133,"grad_norm_layer0":0.8616207008799667,"_timestamp":1.7728179422718248e+09,"train_accuracy":0.8727592592592592,"_wandb":{"runtime":25},"val_f1":0.8874316705443279}