{"_wandb":{"runtime":20},"_runtime":20,"val_f1":0.9570198049699667,"grad_norm_layer0":0.006042219934973275,"test_recall":0.9599,"val_accuracy":0.9571666666666667,"epoch":8,"train_accuracy":0.9693148148148149,"val_loss":0.22114653644728438,"test_accuracy":0.9599,"_step":8,"test_precision":0.9606936511175088,"train_loss":0.14010804266782476,"_timestamp":1.772815271108668e+09,"test_f1":0.9599207671707481}