{"test_recall":0.931,"_wandb":{"runtime":6},"val_accuracy":0.9265,"_runtime":6,"grad_norm_layer0":0.780687821609757,"train_accuracy":0.9286296296296296,"test_f1":0.9307855259389513,"test_precision":0.9308834959938999,"train_loss":0.2501123530391717,"_timestamp":1.772818696555913e+09,"_step":8,"val_loss":0.2423785674919164,"test_accuracy":0.931,"epoch":8,"val_f1":0.9263252340956275}