{"test_accuracy":0.1135,"train_accuracy":0.11170370370370371,"train_loss":2.3013906952340446,"_wandb":{"runtime":108},"_step":8,"val_f1":0.02352669358456707,"val_accuracy":0.1145,"epoch":8,"grad_norm_layer0":0.17171147505613482,"_runtime":108,"_timestamp":1.7728155512922964e+09,"val_loss":2.301402575503219,"test_precision":0.01288225,"test_recall":0.1135,"test_f1":0.023138302649304}