{"_timestamp":1.7728156770177612e+09,"_step":8,"_runtime":6,"_wandb":{"runtime":6},"epoch":8,"train_accuracy":0.9719629629629629,"val_accuracy":0.9635,"test_f1":0.9665762749339314,"grad_norm_layer0":0.7017424005880851,"val_f1":0.963436496633393,"val_loss":0.11342185858892738,"test_recall":0.9666,"train_loss":0.08996065161252056,"test_accuracy":0.9666,"test_precision":0.9668075303848381}