{"_step":8,"train_accuracy":0.1121111111111111,"test_recall":0.114,"_wandb":{"runtime":7},"_runtime":7,"val_accuracy":0.10766666666666666,"test_precision":0.033954908446939325,"val_loss":2.302486808379684,"test_f1":0.024165071051097355,"val_f1":0.020930685123884043,"test_accuracy":0.114,"train_loss":2.301598666126983,"_timestamp":1.772815240308087e+09,"grad_norm_layer0":0.02043174047784705,"epoch":8}