{"_step":8,"_wandb":{"runtime":18},"_timestamp":1.7728197727986524e+09,"grad_norm_layer0":0.0018431702347216435,"test_precision":0.01288225,"test_accuracy":0.1135,"train_accuracy":0.10862962962962963,"_runtime":18,"test_recall":0.1135,"test_f1":0.023138302649304,"train_loss":2.303226308815966,"val_loss":2.3019050535859256,"val_f1":0.01905895691609977,"val_accuracy":0.1025,"epoch":8}