{"_runtime":10,"train_accuracy":0.3675555555555556,"epoch":8,"test_precision":0.27711399061415337,"_wandb":{"runtime":10},"_timestamp":1.7728171489198554e+09,"train_loss":1.6102740551798256,"val_f1":0.31010535522502997,"test_f1":0.30351001152714435,"test_recall":0.4007,"val_loss":1.5684145256613684,"_step":8,"grad_norm_layer0":0.5104056885055874,"test_accuracy":0.4007,"val_accuracy":0.4065}