{"val_loss":0.31421747179891313,"val_accuracy":0.9151666666666667,"_timestamp":1.7728180308165977e+09,"test_accuracy":0.9171,"test_f1":0.9166702735413044,"epoch":8,"test_recall":0.9171,"_wandb":{"runtime":39},"_step":8,"_runtime":39,"grad_norm_layer0":0.4169047888096613,"test_precision":0.9173714350087013,"train_accuracy":0.9145185185185185,"val_f1":0.9147624309082408,"train_loss":0.30098380110417694}