{"test_accuracy":0.1135,"_step":8,"grad_norm_layer0":1.0268109072096367e-09,"test_precision":0.01288225,"val_loss":2.3016589423965046,"train_accuracy":0.11277777777777778,"_runtime":8,"test_recall":0.1135,"_timestamp":1.772817752099097e+09,"test_f1":0.023138302649304,"train_loss":2.3011708618653675,"epoch":8,"val_f1":0.02130206454199238,"_wandb":{"runtime":8},"val_accuracy":0.10866666666666666}