{"_runtime":11,"test_accuracy":0.1135,"_step":8,"epoch":8,"test_f1":0.023138302649304,"val_loss":2.302194693498519,"test_recall":0.1135,"val_f1":0.024312136139722346,"train_accuracy":0.11190740740740741,"train_loss":2.302277164319878,"_wandb":{"runtime":11},"_timestamp":1.7728190416106853e+09,"grad_norm_layer0":0.022058436526917333,"val_accuracy":0.1165,"test_precision":0.01288225}