{"test_recall":0.1135,"_timestamp":1.7728170710893123e+09,"_runtime":38,"test_accuracy":0.1135,"grad_norm_layer0":3.4981084642856054e-05,"epoch":8,"train_loss":2.3012145587536175,"train_accuracy":0.11214814814814815,"val_f1":0.023461760893409116,"val_accuracy":0.11433333333333333,"test_precision":0.01288225,"_step":8,"val_loss":2.3012695662040348,"_wandb":{"runtime":38},"test_f1":0.023138302649304}