{"_timestamp":1.772815889804399e+09,"test_f1":0.023138302649304,"test_recall":0.1135,"test_accuracy":0.1135,"test_precision":0.01288225,"_runtime":6,"train_loss":2.3012447992051976,"grad_norm_layer0":0.0005960886294643237,"val_f1":0.02359170653907496,"epoch":8,"val_accuracy":0.11466666666666667,"train_accuracy":0.1121111111111111,"_wandb":{"runtime":6},"val_loss":2.301284591840344,"_step":8}