{"_timestamp":1.7728186426421518e+09,"test_recall":0.9696,"test_accuracy":0.9696,"val_f1":0.9680862841430007,"val_accuracy":0.9681666666666666,"_step":8,"test_precision":0.9697788681041398,"train_accuracy":0.976037037037037,"grad_norm_layer0":0.2647713580515704,"_runtime":9,"train_loss":0.07831749557519822,"test_f1":0.9695909014952268,"val_loss":0.11795876679425758,"epoch":8,"_wandb":{"runtime":9}}