{"_wandb":{"runtime":53},"epoch":8,"test_accuracy":0.1135,"train_accuracy":0.10905555555555556,"val_f1":0.020196764144307103,"test_precision":0.01288225,"grad_norm_layer0":2.0187832419523524e-18,"val_accuracy":0.10566666666666667,"_timestamp":1.7728160512248156e+09,"val_loss":2.3027058022878832,"test_f1":0.023138302649304,"train_loss":2.3031452104571573,"_runtime":53,"_step":8,"test_recall":0.1135}