{"test_accuracy":0.9208,"epoch":8,"val_f1":0.8852031970661001,"test_recall":0.9208,"test_precision":0.9221585715875681,"_step":8,"_timestamp":1.7728167176758955e+09,"train_accuracy":0.9130185185185186,"val_accuracy":0.8858333333333334,"_wandb":{"runtime":59},"val_loss":0.4303548315877462,"grad_norm_layer0":0.15068449329511538,"train_loss":0.34033424657577577,"_runtime":59,"test_f1":0.920981848538447}