{"train_loss":2.297779499100903,"val_f1":0.022752808988764046,"test_recall":0.1135,"_wandb":{"runtime":31},"_timestamp":1.7728151976126058e+09,"_runtime":31,"val_accuracy":0.1125,"train_accuracy":0.11235185185185186,"_step":8,"epoch":8,"val_loss":2.2973930238619116,"test_precision":0.01288225,"test_accuracy":0.1135,"test_f1":0.023138302649304,"grad_norm_layer0":0.028771099085348053}