{"_step":8,"val_f1":0.018239711154875524,"_runtime":25,"train_loss":2.310308241595497,"test_recall":0.1028,"test_precision":0.01056784,"train_accuracy":0.10181481481481482,"test_accuracy":0.1028,"grad_norm_layer0":3.6320641522522825e-21,"epoch":8,"_timestamp":1.7728175477748573e+09,"test_f1":0.019165469713456652,"val_accuracy":0.10016666666666667,"_wandb":{"runtime":25},"val_loss":2.3130680808886828}