{"test_precision":0.9358029845998959,"test_recall":0.9345,"val_accuracy":0.9288333333333333,"val_loss":0.25311464502217534,"_wandb":{"runtime":46},"_runtime":46,"_timestamp":1.7728156547597504e+09,"grad_norm_layer0":1.6348094999387206,"epoch":8,"val_f1":0.9289505999254707,"train_loss":0.24481426918752103,"test_accuracy":0.9345,"train_accuracy":0.9319074074074074,"_step":8,"test_f1":0.9343744411837596}