{"_wandb":{"runtime":10},"val_accuracy":0.4871666666666667,"_step":8,"_runtime":10,"val_loss":1.6489153631569795,"val_f1":0.42780118622740604,"train_accuracy":0.36237037037037034,"test_f1":0.4382602613397541,"grad_norm_layer0":0.3245560360644989,"_timestamp":1.7728183547018235e+09,"train_loss":1.9252428231806054,"test_recall":0.4998,"epoch":8,"test_precision":0.46428328881052194,"test_accuracy":0.4998}