{"_wandb":{"runtime":5},"_step":8,"test_f1":0.023138302649304,"train_loss":2.303159219828016,"val_f1":0.023202833482989127,"val_loss":2.3026634505272843,"_timestamp":1.7728194953887591e+09,"grad_norm_layer0":0,"test_accuracy":0.1135,"test_precision":0.01288225,"train_accuracy":0.10837037037037037,"val_accuracy":0.11366666666666667,"_runtime":5,"test_recall":0.1135,"epoch":8}