{"_step":8,"test_f1":0.023138302649304,"_timestamp":1.7728182992607374e+09,"_wandb":{"runtime":66},"grad_norm_layer0":0.00044816101005535085,"test_accuracy":0.1135,"val_accuracy":0.11116666666666666,"_runtime":66,"val_loss":2.300840880613305,"train_accuracy":0.1125,"test_recall":0.1135,"test_precision":0.01288225,"epoch":8,"val_f1":0.022243337833108348,"train_loss":2.3014173231493205}