{"train_accuracy":0.1121111111111111,"test_f1":0.023138302649304,"grad_norm_layer0":0.00010976000000052166,"val_f1":0.02359170653907496,"train_loss":2.30120452122367,"test_recall":0.1135,"_step":8,"val_loss":2.3013476983540992,"val_accuracy":0.11466666666666667,"_wandb":{"runtime":20},"_timestamp":1.7728179765217063e+09,"_runtime":20,"test_accuracy":0.1135,"test_precision":0.01288225,"epoch":8}