{"test_precision":0.15231140432894932,"_wandb":{"runtime":8},"_runtime":8,"train_accuracy":0.15416666666666667,"_timestamp":1.772817209799471e+09,"_step":8,"grad_norm_layer0":0.2749316610833743,"test_recall":0.1627,"test_accuracy":0.1627,"val_loss":2.2811851432416814,"test_f1":0.0914019570031286,"train_loss":2.284107892077792,"val_f1":0.08919900256657415,"val_accuracy":0.16066666666666668,"epoch":8}