{"test_f1":0.023138302649304,"test_accuracy":0.1135,"val_f1":0.023852560270970314,"train_loss":2.3019243825721576,"_step":8,"_runtime":21,"train_accuracy":0.11203703703703703,"_wandb":{"runtime":21},"val_accuracy":0.11533333333333333,"grad_norm_layer0":0.030549482500627785,"val_loss":2.3018274997065777,"test_precision":0.01288225,"_timestamp":1.7728186787576125e+09,"epoch":8,"test_recall":0.1135}