{"_step":8,"epoch":8,"val_f1":0.8130367255485624,"train_accuracy":0.8361851851851851,"test_accuracy":0.8862,"test_precision":0.8885595971017125,"_wandb":{"runtime":22},"train_loss":0.5527070149174815,"val_accuracy":0.8126666666666666,"_runtime":22,"test_f1":0.8864157435675275,"test_recall":0.8862,"grad_norm_layer0":0.32774260680972916,"val_loss":0.6346122099633325,"_timestamp":1.7728195293899918e+09}