{"_runtime":47,"train_loss":0.3428952228802289,"_timestamp":1.7728199332284372e+09,"grad_norm_layer0":2.2937395671313823,"test_accuracy":0.9036,"val_f1":0.8934979498586209,"test_recall":0.9036,"test_f1":0.9031833209750126,"train_accuracy":0.8997407407407407,"val_accuracy":0.894,"epoch":8,"_wandb":{"runtime":47},"test_precision":0.9041828720599844,"_step":8,"val_loss":0.36036619169084544}