{"_runtime":53,"_timestamp":1.7728188823859167e+09,"_wandb":{"runtime":53},"test_precision":0.9618096365573818,"_step":8,"test_accuracy":0.9615,"grad_norm_layer0":2.300024927107168,"test_f1":0.9614812663964917,"val_loss":0.13758533716055732,"train_accuracy":0.964,"epoch":8,"val_accuracy":0.9568333333333333,"test_recall":0.9615,"train_loss":0.12248603778333154,"val_f1":0.9568449264617092}