{"val_f1":0.02155128205128205,"test_f1":0.06901244404033022,"test_recall":0.1882,"_timestamp":1.7728196371257675e+09,"grad_norm_layer0":0.09995769045475773,"_runtime":65,"test_precision":0.04243573409218503,"train_loss":2.303354231586773,"_step":8,"train_accuracy":0.10814814814814815,"val_accuracy":0.10933333333333334,"val_loss":2.303766676526934,"test_accuracy":0.1882,"epoch":8,"_wandb":{"runtime":65}}