{"_runtime":8,"epoch":8,"grad_norm_layer0":0.00015870817668280272,"test_accuracy":0.1135,"test_f1":0.023138302649304,"val_accuracy":0.1155,"_step":8,"val_loss":2.301410211117354,"val_f1":0.023917974002689378,"train_accuracy":0.11201851851851852,"train_loss":2.301173991678981,"_timestamp":1.7728170221573808e+09,"test_recall":0.1135,"_wandb":{"runtime":8},"test_precision":0.01288225}