{"test_accuracy":0.1135,"_step":8,"grad_norm_layer0":0.0004411920003559149,"_timestamp":1.7728161607416031e+09,"val_f1":0.017664542558033684,"test_f1":0.023138302649304,"test_precision":0.01288225,"train_loss":2.3053680539591874,"_runtime":94,"_wandb":{"runtime":94},"train_accuracy":0.10564814814814814,"epoch":8,"val_accuracy":0.0985,"test_recall":0.1135,"val_loss":2.3085141822643935}