{"_wandb":{"runtime":67},"test_accuracy":0.9709,"train_loss":0.07523884198504903,"val_loss":0.10954766151841712,"test_precision":0.9710710989013067,"train_accuracy":0.9774074074074074,"_timestamp":1.7728174012242126e+09,"_runtime":67,"val_f1":0.9693265117258647,"test_f1":0.9708784542790194,"_step":8,"test_recall":0.9709,"grad_norm_layer0":0.4683462720637339,"val_accuracy":0.9693333333333334,"epoch":8}