{"_runtime":48,"_timestamp":1.7728193349194748e+09,"test_f1":0.023138302649304,"test_accuracy":0.1135,"_wandb":{"runtime":48},"val_loss":2.3015811009401697,"test_recall":0.1135,"val_f1":0.025444510621401628,"val_accuracy":0.11933333333333333,"train_accuracy":0.11159259259259259,"train_loss":2.301969847044261,"epoch":8,"_step":8,"grad_norm_layer0":0.030678695702856362,"test_precision":0.01288225}