{"_step":8,"val_loss":14.604514326651142,"val_accuracy":0.0965,"train_accuracy":0.09807407407407408,"test_accuracy":0.101,"_wandb":{"runtime":89},"test_f1":0.018530426884650317,"_runtime":89,"test_precision":0.010201,"test_recall":0.101,"grad_norm_layer0":4.135567479398524e-32,"train_loss":14.23634130049315,"_timestamp":1.772818457747773e+09,"epoch":8,"val_f1":0.016985408116735067}