{"_timestamp":1.772816601876313e+09,"val_f1":0.8765454577388337,"test_accuracy":0.8764,"val_accuracy":0.8771666666666667,"_step":8,"test_precision":0.8758562559998171,"test_f1":0.8760010447977644,"train_accuracy":0.8696481481481482,"train_loss":0.4488732073465348,"grad_norm_layer0":0.22779937475662537,"_wandb":{"runtime":44},"epoch":8,"val_loss":0.4454851843782403,"test_recall":0.8764,"_runtime":44}