{"val_loss":0.4092183672363573,"test_recall":0.8961,"grad_norm_layer0":1.3645775656029446,"train_loss":0.4120940595905805,"train_accuracy":0.8751851851851852,"val_f1":0.886282981201957,"_wandb":{"runtime":87},"test_f1":0.8959153713832922,"test_accuracy":0.8961,"test_precision":0.8986717664701191,"epoch":8,"_runtime":87,"val_accuracy":0.887,"_timestamp":1.7728191597065747e+09,"_step":8}