{"val_f1":0.9630976737392427,"val_loss":0.12385187230381192,"test_accuracy":0.9652,"_runtime":28,"test_precision":0.9654708012964216,"epoch":8,"train_loss":0.09667563718947747,"test_f1":0.9652041494197999,"_wandb":{"runtime":28},"test_recall":0.9652,"_timestamp":1.7728166470151157e+09,"grad_norm_layer0":0.420926997100187,"_step":8,"val_accuracy":0.963,"train_accuracy":0.9712407407407407}