{"val_loss":2.301706440014434,"_runtime":29,"_timestamp":1.7728158388246796e+09,"test_accuracy":0.1135,"_wandb":{"runtime":29},"test_recall":0.1135,"val_f1":0.02281685640103855,"_step":8,"epoch":8,"test_f1":0.023138302649304,"val_accuracy":0.11266666666666666,"test_precision":0.01288225,"grad_norm_layer0":6.733768699997361e-06,"train_loss":2.3015318833028835,"train_accuracy":0.11233333333333333}