{"test_recall":0.9558,"test_precision":0.9560335632646535,"val_accuracy":0.959,"train_loss":0.11516203291139467,"_step":8,"test_accuracy":0.9558,"_runtime":5,"test_f1":0.9558131437999902,"grad_norm_layer0":0.08438798581385222,"_wandb":{"runtime":5},"val_loss":0.15167242834940858,"train_accuracy":0.9676666666666667,"epoch":8,"_timestamp":1.772815036366323e+09,"val_f1":0.9590210245900782}