{"_timestamp":1.7728169984347334e+09,"test_recall":0.9134,"epoch":8,"val_f1":0.9111815026946559,"_step":8,"_runtime":257,"train_loss":0.3157353534970178,"val_accuracy":0.9113333333333333,"val_loss":0.31213837388492655,"test_precision":0.9136815252137167,"grad_norm_layer0":0.3503832787823306,"train_accuracy":0.9082592592592592,"test_f1":0.9131484098778612,"_wandb":{"runtime":257},"test_accuracy":0.9134}