{"val_f1":0.856840544046971,"test_accuracy":0.8755,"_runtime":31,"_timestamp":1.7728197407713661e+09,"val_accuracy":0.8581666666666666,"_wandb":{"runtime":31},"val_loss":0.5291848002455048,"train_accuracy":0.8663333333333333,"epoch":8,"test_recall":0.8755,"test_f1":0.8745040662979838,"grad_norm_layer0":0.9156962884970987,"train_loss":0.5208022202201336,"_step":8,"test_precision":0.8749382523256961}