{"test_f1":0.898573793075349,"grad_norm_layer0":1.1406739713012377,"test_precision":0.8988186978933587,"val_loss":0.4034840651255924,"test_recall":0.8991,"_timestamp":1.7728195577321775e+09,"train_loss":0.39097170966988143,"train_accuracy":0.8962777777777777,"epoch":8,"_runtime":16,"val_f1":0.8873077778608014,"_step":8,"test_accuracy":0.8991,"val_accuracy":0.888,"_wandb":{"runtime":16}}