{"_timestamp":1.7728154275898614e+09,"epoch":8,"train_loss":2.308457042871451,"test_f1":0.023138302649304,"val_f1":0.02365679972093487,"test_accuracy":0.1135,"test_precision":0.01288225,"_wandb":{"runtime":15},"train_accuracy":0.10392592592592592,"grad_norm_layer0":0.011198045592666142,"val_loss":2.3068387104134573,"val_accuracy":0.11483333333333333,"test_recall":0.1135,"_runtime":15,"_step":8}