{"_runtime":15,"test_precision":0.01288225,"_step":15,"test_accuracy":0.1135,"val_accuracy":0.11266666666666666,"_wandb":{"runtime":15},"val_loss":2.301748735834153,"grad_norm_layer0":0.00015802701775480125,"val_f1":0.02281685640103855,"test_f1":0.023138302649304,"train_accuracy":0.11233333333333333,"_timestamp":1.7728079333628762e+09,"epoch":15,"test_recall":0.1135,"train_loss":2.301135484195429}