{"grad_norm_layer0":8.946513130114495e-06,"val_accuracy":0.1095,"train_accuracy":0.11268518518518518,"val_loss":2.3022098343251196,"train_loss":2.301515694362632,"_timestamp":1.772815794229092e+09,"val_f1":0.021613789995493467,"_step":8,"_wandb":{"runtime":20},"test_precision":0.01288225,"test_accuracy":0.1135,"_runtime":20,"test_recall":0.1135,"epoch":8,"test_f1":0.023138302649304}