{"_timestamp":1.7728175102208848e+09,"epoch":8,"val_loss":2.301401616696844,"test_precision":0.01288225,"test_accuracy":0.1135,"val_f1":0.023787226622826684,"_step":8,"_wandb":{"runtime":92},"test_recall":0.1135,"test_f1":0.023138302649304,"_runtime":92,"val_accuracy":0.11516666666666667,"train_loss":2.301822250034642,"train_accuracy":0.1107962962962963,"grad_norm_layer0":0.019479554450845506}