{"train_loss":2.3051409499911437,"_runtime":26,"val_loss":2.303335309953431,"_step":8,"grad_norm_layer0":0.0003068095524677658,"test_accuracy":0.1135,"train_accuracy":0.10709259259259259,"_wandb":{"runtime":26},"test_recall":0.1135,"test_precision":0.01288225,"val_accuracy":0.115,"test_f1":0.023138302649304,"_timestamp":1.772819476224044e+09,"val_f1":0.023721973094170404,"epoch":8}