{"val_accuracy":0.11016666666666666,"_step":8,"val_f1":0.021864634939698747,"train_accuracy":0.1126111111111111,"_wandb":{"runtime":9},"grad_norm_layer0":0.00021629452835893377,"val_loss":2.300782109637601,"test_accuracy":0.1135,"train_loss":2.3013798087880493,"test_precision":0.01288225,"_runtime":9,"test_recall":0.1135,"test_f1":0.023138302649304,"epoch":8,"_timestamp":1.772818478014909e+09}