{"val_accuracy":0.114,"_timestamp":1.7728161926234844e+09,"epoch":8,"val_f1":0.02333213644524237,"train_loss":2.3010342198390172,"_wandb":{"runtime":17},"grad_norm_layer0":0.0069355219081315535,"test_recall":0.1135,"train_accuracy":0.11218518518518518,"_runtime":17,"test_accuracy":0.1135,"_step":8,"val_loss":2.3010280782362016,"test_f1":0.023138302649304,"test_precision":0.01288225}