{"epoch":8,"val_accuracy":0.9331666666666667,"_wandb":{"runtime":7},"val_loss":0.22108884069774937,"train_accuracy":0.9294629629629629,"test_accuracy":0.9391,"val_f1":0.933063138695297,"grad_norm_layer0":0.3008800716902994,"test_recall":0.9391,"train_loss":0.24402589487306314,"test_f1":0.9387984896653375,"test_precision":0.9404443068756256,"_runtime":7,"_step":8,"_timestamp":1.7728177696175334e+09}