{"val_accuracy":0.935,"train_accuracy":0.9318888888888889,"epoch":8,"val_loss":0.21310693833432054,"test_precision":0.9446404694226821,"_step":8,"_timestamp":1.772818817065631e+09,"_wandb":{"runtime":7},"test_accuracy":0.9431,"grad_norm_layer0":0.6113699828552669,"train_loss":0.22250665228966218,"val_f1":0.934994393543676,"test_recall":0.9431,"test_f1":0.9430902461114566,"_runtime":7}