{"train_loss":2.3007261580641076,"epoch":8,"train_accuracy":0.11224074074074074,"_wandb":{"runtime":6},"test_recall":0.1135,"grad_norm_layer0":0.005350773267443368,"test_precision":0.01288225,"test_f1":0.023138302649304,"test_accuracy":0.1135,"_runtime":6,"_timestamp":1.7728190585442884e+09,"val_f1":0.023138302649303995,"val_accuracy":0.1135,"val_loss":2.300274210998722,"_step":8}