{"val_accuracy":0.9175,"_wandb":{"runtime":8},"val_f1":0.9172680891531361,"test_precision":0.9231160736306631,"train_accuracy":0.9188148148148149,"_timestamp":1.7728152190479255e+09,"_runtime":8,"val_loss":0.31552656940026436,"train_loss":0.29640622615887596,"grad_norm_layer0":0.900965473328372,"test_recall":0.9232,"_step":8,"test_f1":0.9229540802317097,"test_accuracy":0.9232,"epoch":8}