{"val_accuracy":0.9543333333333334,"train_loss":0.15142408951062258,"val_loss":0.162456287441015,"val_f1":0.9543669998781309,"grad_norm_layer0":1.3904443524388446,"_step":8,"_timestamp":1.7728187994989872e+09,"test_accuracy":0.9549,"test_precision":0.9550282681707644,"test_recall":0.9549,"_runtime":17,"epoch":8,"train_accuracy":0.9562222222222222,"_wandb":{"runtime":17},"test_f1":0.9548692828683728}