{"grad_norm_layer0":0.015099427692553147,"test_recall":0.122,"val_accuracy":0.11316666666666667,"val_f1":0.023009482457453708,"_wandb":{"runtime":33},"epoch":8,"test_accuracy":0.122,"test_f1":0.046747185542726354,"val_loss":2.30238094222766,"_runtime":33,"_timestamp":1.772819823360196e+09,"train_accuracy":0.11227777777777778,"_step":8,"train_loss":2.3023968105670893,"test_precision":0.0813309831488789}