{"epoch":8,"val_accuracy":0.2633333333333333,"_runtime":9,"_wandb":{"runtime":9},"_step":8,"val_f1":0.16008316441758602,"test_f1":0.15593606176992278,"grad_norm_layer0":0.03297951345310791,"_timestamp":1.7728191816800668e+09,"train_accuracy":0.25283333333333335,"test_accuracy":0.2571,"test_recall":0.2571,"val_loss":1.8097948296339514,"train_loss":1.832960204060282,"test_precision":0.1771662889841655}