{"_step":8,"test_accuracy":0.1135,"val_accuracy":0.122,"grad_norm_layer0":0.00015807512493169152,"train_loss":2.3025083934330275,"_wandb":{"runtime":7},"epoch":8,"_timestamp":1.772819657558171e+09,"test_f1":0.023138302649304,"val_loss":2.302447000777557,"test_recall":0.1135,"val_f1":0.026531194295900177,"test_precision":0.01288225,"train_accuracy":0.1112962962962963,"_runtime":7}