{"test_recall":0.1135,"grad_norm_layer0":2.732273128048262e-05,"test_precision":0.01288225,"_step":8,"val_f1":0.021990544799639803,"_runtime":25,"train_loss":2.3017571150580998,"_wandb":{"runtime":25},"val_accuracy":0.1105,"val_loss":2.3023520634224877,"epoch":8,"_timestamp":1.77281969401068e+09,"test_accuracy":0.1135,"test_f1":0.023138302649304,"train_accuracy":0.11212962962962963}