{"epoch":8,"_wandb":{"runtime":50},"train_loss":2.296860716398995,"_timestamp":1.7728190029274056e+09,"_step":8,"test_accuracy":0.1135,"train_accuracy":0.11374074074074074,"val_loss":2.296177001424502,"test_recall":0.1135,"_runtime":50,"test_f1":0.023138302649304,"grad_norm_layer0":0.03111133906171733,"val_accuracy":0.10866666666666666,"val_f1":0.02130206454199238,"test_precision":0.01288225}