{"_runtime":49,"test_recall":0.1135,"train_loss":2.3081139183604837,"val_loss":2.307728947423999,"test_accuracy":0.1135,"grad_norm_layer0":8.635732433586146e-68,"train_accuracy":0.10612962962962963,"val_f1":0.016817518248175182,"test_precision":0.01288225,"val_accuracy":0.096,"test_f1":0.023138302649304,"epoch":8,"_step":8,"_timestamp":1.7728165461446638e+09,"_wandb":{"runtime":49}}