{"val_accuracy":0.967,"_wandb":{"runtime":59},"epoch":8,"test_accuracy":0.9737,"_step":8,"test_recall":0.9737,"test_precision":0.9737340953028514,"train_accuracy":0.9779629629629629,"val_f1":0.9669521423703078,"test_f1":0.9736913352470399,"_timestamp":1.7728157543279293e+09,"grad_norm_layer0":1.6992838577034188,"train_loss":0.07738316877211583,"val_loss":0.10511711378005838,"_runtime":59}