{"_runtime":34,"test_f1":0.023138302649304,"train_accuracy":0.10333333333333333,"test_recall":0.1135,"_step":8,"val_loss":2.31112474722098,"test_precision":0.01288225,"grad_norm_layer0":0.015836024060198996,"train_loss":2.3111535047776073,"_wandb":{"runtime":34},"epoch":8,"_timestamp":1.7728194390453973e+09,"val_f1":0.018588819938449117,"val_accuracy":0.10116666666666667,"test_accuracy":0.1135}