{"test_recall":0.9616,"grad_norm_layer0":0.2627301008515455,"val_f1":0.9620759039042209,"_runtime":42,"_wandb":{"runtime":42},"epoch":8,"_timestamp":1.7728151518489864e+09,"train_accuracy":0.9667407407407408,"test_accuracy":0.9616,"train_loss":0.11206241869420944,"_step":8,"val_loss":0.12755831649064278,"test_precision":0.961935747211708,"val_accuracy":0.9621666666666666,"test_f1":0.9615459139902971}