{"val_f1":0.9750271974073718,"test_f1":0.9768638133649276,"test_recall":0.9769,"_wandb":{"runtime":39},"val_accuracy":0.975,"epoch":8,"test_accuracy":0.9769,"_runtime":39,"_step":8,"test_precision":0.9769719482181813,"grad_norm_layer0":0.4421000861732703,"_timestamp":1.7728187708460774e+09,"train_accuracy":0.9888703703703704,"train_loss":0.036586033973114634,"val_loss":0.09330954432366301}