{"val_f1":0.018705855651384475,"test_accuracy":0.1135,"train_accuracy":0.10809259259259259,"_step":8,"train_loss":2.3036056122155424,"val_loss":2.3049202882511395,"val_accuracy":0.1015,"_runtime":12,"_wandb":{"runtime":12},"grad_norm_layer0":0.0007507315687507327,"test_recall":0.1135,"_timestamp":1.7728199599401915e+09,"epoch":8,"test_f1":0.023138302649304,"test_precision":0.01288225}