{"val_loss":1.0983895335606442,"train_accuracy":0.704925925925926,"val_f1":0.6392481960834697,"train_loss":0.947005904333685,"grad_norm_layer0":0.6198791042526091,"val_accuracy":0.6473333333333333,"test_precision":0.8017832768469982,"test_f1":0.7749152520816718,"test_accuracy":0.7851,"test_recall":0.7851,"_runtime":17,"_timestamp":1.7728193655523229e+09,"epoch":8,"_step":8,"_wandb":{"runtime":17}}