{"_runtime":36,"val_f1":0.850555973199663,"val_accuracy":0.8505,"_timestamp":1.772817316150102e+09,"epoch":8,"train_loss":0.6392951660309363,"_step":8,"test_accuracy":0.8588,"test_precision":0.8586626316584954,"val_loss":0.5417128176754895,"test_recall":0.8588,"_wandb":{"runtime":36},"grad_norm_layer0":2.659209925590072,"train_accuracy":0.8134444444444444,"test_f1":0.8582480495239532}