{"val_f1":0.9713148614342156,"val_accuracy":0.9713333333333334,"_runtime":41,"test_accuracy":0.9782,"_timestamp":1.772815094930675e+09,"val_loss":0.10407130814686705,"train_loss":0.03247570196425737,"_wandb":{"runtime":41},"test_precision":0.978316688540858,"test_recall":0.9782,"train_accuracy":0.9897222222222222,"test_f1":0.9782083807666966,"grad_norm_layer0":0.05039404588054776,"epoch":8,"_step":8}